seed,loss_total,loss_speed,loss_direction,speed_mae,direction_angle_deg,speed_accuracy,direction_accuracy,joint_accuracy
seed_1,0.10888000336277673,0.021571662957508734,0.02910278005320139,0.05817710009850855,4.965026016685906,0.9468503938885185,0.9318632140872986,0.902952756093243
seed_2,0.11631694412313577,0.025518051655156405,0.03026629717631896,0.05684317782755912,4.946568804087601,0.9482283466444241,0.9317679773165485,0.9049212600302509
seed_3,0.1029544042320702,0.020098887272472457,0.027618506083844273,0.05523437896934081,5.091368535559947,0.9492125986129281,0.9309937244325173,0.9076771655420619
seed_4,0.11285544090324968,0.020653229604262534,0.030734070649876544,0.05283191463961376,4.924759295230776,0.9517716537310382,0.9302682651309516,0.9070866143609595
seed_5,0.11226208900490145,0.023069549177399302,0.02973084635830917,0.05850843632901748,4.907076108737255,0.9555118112113532,0.929339788842389,0.9074803151483611

mean,0.11065377295017242,0.022182276472449303,0.029490500688552856,0.05631899833679199,4.9669599533081055,0.950314998626709,0.9308465719223022,0.9060236215591431
std,0.004515132401138544,0.001947613898664713,0.0010826619109138846,0.002090793801471591,0.06521357595920563,0.0030561864841729403,0.0009496390703134239,0.001823826809413731
