{
    "seeds": [
        1,
        2,
        3,
        4,
        5
    ],
    "per_seed": {
        "seed_1": {
            "loss_total": 0.11324699409012719,
            "loss_speed": 0.026716077000665382,
            "loss_direction": 0.028843639509781725,
            "speed_mae": 0.05564255134796533,
            "direction_angle_deg": 4.902961185410267,
            "speed_accuracy": 0.9472440946759202,
            "direction_accuracy": 0.9315930464136319,
            "joint_accuracy": 0.9007874017625344
        },
        "seed_2": {
            "loss_total": 0.11484418839040235,
            "loss_speed": 0.027143792918054608,
            "loss_direction": 0.029233464914902047,
            "speed_mae": 0.060777282832175726,
            "direction_angle_deg": 4.915046639705268,
            "speed_accuracy": 0.9468503938885185,
            "direction_accuracy": 0.934015418225386,
            "joint_accuracy": 0.9053149608176524
        },
        "seed_3": {
            "loss_total": 0.1158775349301616,
            "loss_speed": 0.022388712076220927,
            "loss_direction": 0.031162941267376575,
            "speed_mae": 0.050362813419948416,
            "direction_angle_deg": 5.009360780866127,
            "speed_accuracy": 0.9561023623924556,
            "direction_accuracy": 0.9311514651681495,
            "joint_accuracy": 0.9076771655420619
        },
        "seed_4": {
            "loss_total": 0.11433548465899125,
            "loss_speed": 0.024805270507931708,
            "loss_direction": 0.029843404637026328,
            "speed_mae": 0.06331284919709672,
            "direction_angle_deg": 4.8362430373514735,
            "speed_accuracy": 0.9559055119987548,
            "direction_accuracy": 0.9304719354224017,
            "joint_accuracy": 0.9070866143609595
        },
        "seed_5": {
            "loss_total": 0.116827521097707,
            "loss_speed": 0.02285075891528308,
            "loss_direction": 0.03132558751018997,
            "speed_mae": 0.05542111751132124,
            "direction_angle_deg": 5.047406260610566,
            "speed_accuracy": 0.9496062994003296,
            "direction_accuracy": 0.9304423580019493,
            "joint_accuracy": 0.9037401576680462
        }
    },
    "mean": {
        "loss_total": 0.11502633988857269,
        "loss_speed": 0.02478092350065708,
        "loss_direction": 0.03008180856704712,
        "speed_mae": 0.05710332468152046,
        "direction_angle_deg": 4.942203521728516,
        "speed_accuracy": 0.9511417150497437,
        "direction_accuracy": 0.9315347671508789,
        "joint_accuracy": 0.9049212336540222
    },
    "std": {
        "loss_total": 0.0012365522561594844,
        "loss_speed": 0.0019378741271793842,
        "loss_direction": 0.0010025386000052094,
        "speed_mae": 0.004526684060692787,
        "direction_angle_deg": 0.07626631110906601,
        "speed_accuracy": 0.004080828279256821,
        "direction_accuracy": 0.0013135307235643268,
        "joint_accuracy": 0.002486865036189556
    },
    "split_seed": 42,
    "split_info": {
        "episode": {
            "train": [
                "episode_001",
                "episode_002",
                "episode_004",
                "episode_005",
                "episode_006",
                "episode_009",
                "episode_010",
                "episode_011",
                "episode_012",
                "episode_013",
                "episode_014",
                "episode_015",
                "episode_016",
                "episode_017",
                "episode_018",
                "episode_019",
                "episode_021",
                "episode_022",
                "episode_025",
                "episode_026",
                "episode_027",
                "episode_028",
                "episode_029"
            ],
            "val": [
                "episode_007",
                "episode_008",
                "episode_023",
                "episode_024"
            ],
            "test": [
                "episode_000",
                "episode_003",
                "episode_020"
            ],
            "num_train": 23,
            "num_val": 4,
            "num_test": 3
        },
        "sample": {
            "num_train": 32640,
            "num_val": 5240,
            "num_test": 5080
        }
    }
}