seed,loss_total,loss_speed,loss_direction,speed_mae,direction_angle_deg,speed_accuracy,direction_accuracy,joint_accuracy
seed_1,0.11324699409012719,0.026716077000665382,0.028843639509781725,0.05564255134796533,4.902961185410267,0.9472440946759202,0.9315930464136319,0.9007874017625344
seed_2,0.11484418839040235,0.027143792918054608,0.029233464914902047,0.060777282832175726,4.915046639705268,0.9468503938885185,0.934015418225386,0.9053149608176524
seed_3,0.1158775349301616,0.022388712076220927,0.031162941267376575,0.050362813419948416,5.009360780866127,0.9561023623924556,0.9311514651681495,0.9076771655420619
seed_4,0.11433548465899125,0.024805270507931708,0.029843404637026328,0.06331284919709672,4.8362430373514735,0.9559055119987548,0.9304719354224017,0.9070866143609595
seed_5,0.116827521097707,0.02285075891528308,0.03132558751018997,0.05542111751132124,5.047406260610566,0.9496062994003296,0.9304423580019493,0.9037401576680462

mean,0.11502633988857269,0.02478092350065708,0.03008180856704712,0.05710332468152046,4.942203521728516,0.9511417150497437,0.9315347671508789,0.9049212336540222
std,0.0012365522561594844,0.0019378741271793842,0.0010025386000052094,0.004526684060692787,0.07626631110906601,0.004080828279256821,0.0013135307235643268,0.002486865036189556
