{
    "num_rows": 40,
    "controllers": {
        "bc_model": {
            "num_episodes": 20,
            "collision_rate": 0.0,
            "physical_collision_rate": 0.0,
            "threshold_collision_rate": 0.0,
            "near_collision_rate": 0.6499999761581421,
            "episode_length_mean": 600.0,
            "episode_length_std": 0.0,
            "avg_speed_mean": 1.2743781805038452,
            "avg_speed_std": 0.5700154304504395,
            "time_on_drivable_mean": 6.727499961853027,
            "time_on_drivable_std": 7.074398994445801,
            "stall_steps_mean": 126.5999984741211,
            "stall_steps_std": 173.55874633789062,
            "min_vehicle_distance_mean": 8.222208023071289,
            "min_vehicle_distance_std": 3.560030460357666,
            "steps_to_collision_mean": null,
            "steps_to_collision_std": null,
            "steps_to_threshold_collision_mean": null,
            "steps_to_threshold_collision_std": null,
            "steps_to_near_collision_mean": 104.30769348144531,
            "steps_to_near_collision_std": 102.67228698730469
        },
        "rl_model": {
            "num_episodes": 20,
            "collision_rate": 0.20000000298023224,
            "physical_collision_rate": 0.0,
            "threshold_collision_rate": 0.20000000298023224,
            "near_collision_rate": 0.949999988079071,
            "episode_length_mean": 493.25,
            "episode_length_std": 185.80657958984375,
            "avg_speed_mean": 1.7215955257415771,
            "avg_speed_std": 0.3709039092063904,
            "time_on_drivable_mean": 6.96750020980835,
            "time_on_drivable_std": 7.007785797119141,
            "stall_steps_mean": 0.949999988079071,
            "stall_steps_std": 3.4853262901306152,
            "min_vehicle_distance_mean": 5.963305950164795,
            "min_vehicle_distance_std": 3.481107473373413,
            "steps_to_collision_mean": null,
            "steps_to_collision_std": null,
            "steps_to_threshold_collision_mean": 156.0,
            "steps_to_threshold_collision_std": 15.55634880065918,
            "steps_to_near_collision_mean": 82.15789794921875,
            "steps_to_near_collision_std": 83.10504913330078
        }
    },
    "metadata": {
        "num_episodes_per_controller": 20,
        "tracked_pedestrians_per_episode": 1,
        "bc_checkpoint_path": "checkpoints/bc/seg_bev/test1/seed_4/best_model.pt",
        "bc_seed": 4,
        "td3_checkpoint_path": "checkpoints/td3/bc_fintune4/td3_episode_450.pt"
    }
}