{
    "num_rows": 40,
    "controllers": {
        "bc_model": {
            "num_episodes": 20,
            "collision_rate": 0.10000000149011612,
            "physical_collision_rate": 0.0,
            "threshold_collision_rate": 0.10000000149011612,
            "near_collision_rate": 0.949999988079071,
            "episode_length_mean": 600.0,
            "episode_length_std": 0.0,
            "avg_speed_mean": 1.3493343591690063,
            "avg_speed_std": 0.6071406006813049,
            "time_on_drivable_mean": 8.257499694824219,
            "time_on_drivable_std": 6.686558246612549,
            "stall_steps_mean": 123.5999984741211,
            "stall_steps_std": 200.91998291015625,
            "min_vehicle_distance_mean": 5.750513553619385,
            "min_vehicle_distance_std": 2.59035587310791,
            "steps_to_collision_mean": null,
            "steps_to_collision_std": null,
            "steps_to_threshold_collision_mean": 358.5,
            "steps_to_threshold_collision_std": 18.5,
            "steps_to_near_collision_mean": 157.73684692382812,
            "steps_to_near_collision_std": 181.3048553466797
        },
        "rl_model": {
            "num_episodes": 20,
            "collision_rate": 0.20000000298023224,
            "physical_collision_rate": 0.0,
            "threshold_collision_rate": 0.20000000298023224,
            "near_collision_rate": 0.8500000238418579,
            "episode_length_mean": 540.5499877929688,
            "episode_length_std": 129.84971618652344,
            "avg_speed_mean": 1.723534345626831,
            "avg_speed_std": 0.4147184193134308,
            "time_on_drivable_mean": 10.117501258850098,
            "time_on_drivable_std": 5.644516944885254,
            "stall_steps_mean": 42.29999923706055,
            "stall_steps_std": 127.20145416259766,
            "min_vehicle_distance_mean": 6.047695636749268,
            "min_vehicle_distance_std": 3.538881301879883,
            "steps_to_collision_mean": null,
            "steps_to_collision_std": null,
            "steps_to_threshold_collision_mean": 302.75,
            "steps_to_threshold_collision_std": 116.69913482666016,
            "steps_to_near_collision_mean": 90.64705657958984,
            "steps_to_near_collision_std": 83.569580078125
        }
    },
    "metadata": {
        "num_episodes_per_controller": 20,
        "tracked_pedestrians_per_episode": 1,
        "bc_checkpoint_path": "checkpoints/bc/seg_bev/test1/seed_4/best_model.pt",
        "bc_seed": 4,
        "td3_checkpoint_path": "checkpoints/td3/model4/td3_episode_450.pt"
    }
}