seed,loss_total,loss_speed,loss_direction,speed_mae,direction_angle_deg,speed_accuracy,direction_accuracy,joint_accuracy
seed_1,0.13337227363344722,0.022603478901616233,0.03692293171624206,0.05466763733878849,5.813008721043745,0.9555118112113532,0.9225007019643708,0.9009842521562351
seed_2,0.1315933034821289,0.022835416263189374,0.03625262915780108,0.06346786611779469,5.850764048193383,0.9421259844396996,0.9168878795593742,0.89192913423373
seed_3,0.12774853804625394,0.021079166345738285,0.03555645722507198,0.058713838898056134,5.997631822045394,0.9521653545184399,0.9189983968659649,0.8980314962507233
seed_4,0.13215396962766573,0.02154981505536423,0.03686805092619629,0.056313580955107384,5.929586963203009,0.951968504124739,0.9240159883273869,0.9023622049121406
seed_5,0.14303459433002735,0.022991681540399555,0.040014304880668795,0.06390662710732363,6.383963494038019,0.9415354332585973,0.9178528342660018,0.888188976565684

mean,0.1335805356502533,0.022211911156773567,0.037122875452041626,0.059413909912109375,5.994990348815918,0.9486614465713501,0.9200512170791626,0.8962991833686829
std,0.005087612196803093,0.0007578401709906757,0.0015281535452231765,0.003721513319760561,0.20469646155834198,0.005720736924558878,0.002744727535173297,0.005414497572928667
