seed,loss_total,loss_speed,loss_direction,speed_mae,direction_angle_deg,speed_accuracy,direction_accuracy,joint_accuracy
seed_1,0.11007502620790417,0.022642164558582888,0.0349731449323787,0.05174492284303575,5.735005647554172,0.950196850581432,0.9165373569398414,0.8927165359962643
seed_2,0.12270038763838491,0.023818621564451165,0.03955270634729444,0.07118161702015269,6.330679432801374,0.9476377954633217,0.9143186426538182,0.8897637800907525
seed_3,0.11004170595895588,0.021512498952976362,0.035411682644286964,0.05354154369845165,5.906099089675062,0.9537401576680461,0.9200628581009512,0.9003937009751327
seed_4,0.1168778265115079,0.02005484346667026,0.03872919327205443,0.0493568033977287,5.941166334452592,0.9531496064869438,0.9171609713336614,0.8968503940762498
seed_5,0.12089749557061458,0.023259716960564843,0.03905511141358691,0.05849158349703616,6.154785675138939,0.950984252156235,0.9189887114397184,0.8937007877770371

mean,0.11611849069595337,0.022257570177316666,0.0375443659722805,0.056863296777009964,6.013546943664551,0.9511417150497437,0.9174137115478516,0.8946849703788757
std,0.005295046139508486,0.0013413596898317337,0.0019431484397500753,0.0077620213851332664,0.20731157064437866,0.002189916791394353,0.001995492959395051,0.0036425425205379725
