seed,loss_total,loss_speed,loss_direction,speed_mae,direction_angle_deg,speed_accuracy,direction_accuracy,joint_accuracy
seed_1,0.10956569463894593,0.03343790256616285,0.030451117226978634,0.06456777058013781,5.202788970601841,0.9438976379830067,0.9304084732776552,0.9000000001877312
seed_2,0.09188630264399089,0.020838779769104532,0.02841900959427608,0.05353180892237528,4.823439144525002,0.9549212600302508,0.9287114240991787,0.9064960631798572
seed_3,0.09289611889797403,0.020560606021991397,0.028934204715348077,0.05304098532894465,4.875977937630781,0.9511811025499359,0.9333255527526375,0.909448819085369
seed_4,0.09105753756355582,0.02160132382959714,0.027782485294925767,0.052897514977793055,4.843081869666032,0.9561023623924556,0.9301733272282158,0.9090551182979674
seed_5,0.09828135504086656,0.023726566908807735,0.029821915866066445,0.06177058407640833,4.781447659890483,0.9421259844396996,0.9321082933681217,0.8996062994003295

mean,0.09673739969730377,0.024033036082983017,0.02908174693584442,0.05716172978281975,4.9053473472595215,0.9496456980705261,0.9309453964233398,0.9049212336540222
std,0.006892000790685415,0.0048315576277673244,0.0009562525083310902,0.004988612607121468,0.151836097240448,0.00568266911432147,0.0016057626344263554,0.004301983863115311
