{
    "seeds": [
        1,
        2,
        3,
        4,
        5
    ],
    "per_seed": {
        "seed_1": {
            "loss_total": 0.11007502620790417,
            "loss_speed": 0.022642164558582888,
            "loss_direction": 0.0349731449323787,
            "speed_mae": 0.05174492284303575,
            "direction_angle_deg": 5.735005647554172,
            "speed_accuracy": 0.950196850581432,
            "direction_accuracy": 0.9165373569398414,
            "joint_accuracy": 0.8927165359962643
        },
        "seed_2": {
            "loss_total": 0.12270038763838491,
            "loss_speed": 0.023818621564451165,
            "loss_direction": 0.03955270634729444,
            "speed_mae": 0.07118161702015269,
            "direction_angle_deg": 6.330679432801374,
            "speed_accuracy": 0.9476377954633217,
            "direction_accuracy": 0.9143186426538182,
            "joint_accuracy": 0.8897637800907525
        },
        "seed_3": {
            "loss_total": 0.11004170595895588,
            "loss_speed": 0.021512498952976362,
            "loss_direction": 0.035411682644286964,
            "speed_mae": 0.05354154369845165,
            "direction_angle_deg": 5.906099089675062,
            "speed_accuracy": 0.9537401576680461,
            "direction_accuracy": 0.9200628581009512,
            "joint_accuracy": 0.9003937009751327
        },
        "seed_4": {
            "loss_total": 0.1168778265115079,
            "loss_speed": 0.02005484346667026,
            "loss_direction": 0.03872919327205443,
            "speed_mae": 0.0493568033977287,
            "direction_angle_deg": 5.941166334452592,
            "speed_accuracy": 0.9531496064869438,
            "direction_accuracy": 0.9171609713336614,
            "joint_accuracy": 0.8968503940762498
        },
        "seed_5": {
            "loss_total": 0.12089749557061458,
            "loss_speed": 0.023259716960564843,
            "loss_direction": 0.03905511141358691,
            "speed_mae": 0.05849158349703616,
            "direction_angle_deg": 6.154785675138939,
            "speed_accuracy": 0.950984252156235,
            "direction_accuracy": 0.9189887114397184,
            "joint_accuracy": 0.8937007877770371
        }
    },
    "mean": {
        "loss_total": 0.11611849069595337,
        "loss_speed": 0.022257570177316666,
        "loss_direction": 0.0375443659722805,
        "speed_mae": 0.056863296777009964,
        "direction_angle_deg": 6.013546943664551,
        "speed_accuracy": 0.9511417150497437,
        "direction_accuracy": 0.9174137115478516,
        "joint_accuracy": 0.8946849703788757
    },
    "std": {
        "loss_total": 0.005295046139508486,
        "loss_speed": 0.0013413596898317337,
        "loss_direction": 0.0019431484397500753,
        "speed_mae": 0.0077620213851332664,
        "direction_angle_deg": 0.20731157064437866,
        "speed_accuracy": 0.002189916791394353,
        "direction_accuracy": 0.001995492959395051,
        "joint_accuracy": 0.0036425425205379725
    },
    "split_seed": 42,
    "split_info": {
        "episode": {
            "train": [
                "episode_001",
                "episode_002",
                "episode_004",
                "episode_005",
                "episode_006",
                "episode_009",
                "episode_010",
                "episode_011",
                "episode_012",
                "episode_013",
                "episode_014",
                "episode_015",
                "episode_016",
                "episode_017",
                "episode_018",
                "episode_019",
                "episode_021",
                "episode_022",
                "episode_025",
                "episode_026",
                "episode_027",
                "episode_028",
                "episode_029"
            ],
            "val": [
                "episode_007",
                "episode_008",
                "episode_023",
                "episode_024"
            ],
            "test": [
                "episode_000",
                "episode_003",
                "episode_020"
            ],
            "num_train": 23,
            "num_val": 4,
            "num_test": 3
        },
        "sample": {
            "num_train": 32640,
            "num_val": 5240,
            "num_test": 5080
        }
    }
}